{
  "source_record": "data/mitbih/100",
  "n_windows": 3608,
  "mean": 0.16313526103654047,
  "std": 0.09252337534738637,
  "p50": 0.1617794288104567,
  "p95": 0.3219926167931952,
  "p99": 0.3836905218975766,
  "max": 0.4922895222388923
}